Customer_ID,Gender,Age,Region,Product_Category,Units_Purchased,Price_Per_Unit,Purchase_Date,Total_Amount
C001,Male,52,South,Clothing,9,340,2026-03-14,3060
C002,Female,52,West,Grocery,7,789,2026-09-06,5523
C003,Male,50,North,Clothing,4,2246,2026-02-16,8984
C004,Male,22,West,Clothing,10,1524,2026-05-01,15240
C005,Male,59,West,Clothing,5,1228,2026-08-02,6140
C006,Female,56,North,Electronics,2,3308,2026-08-27,6616
C007,Male,58,South,Electronics,8,3579,2026-02-25,28632
C008,Male,45,North,Electronics,4,1724,2026-04-17,6896
C009,Male,24,West,Grocery,9,958,2026-02-17,8622
C010,Female,26,South,Sports,5,1981,2026-03-02,9905
C011,Male,25,West,Clothing,9,689,2026-01-26,6201
C012,Male,29,North,Clothing,4,1917,2026-09-14,7668
C013,Male,51,North,Grocery,10,932,2026-01-08,9320
C014,Male,50,West,Clothing,5,555,2026-04-23,2775
C015,Female,40,East,Electronics,9,2638,2026-09-10,23742
C016,Male,41,East,Sports,8,2344,2026-06-29,18752
C017,Female,54,North,Beauty,3,599,2026-07-26,1797
C018,Female,52,North,Clothing,1,309,2026-05-07,309
C019,Female,57,East,Electronics,3,3671,2026-02-25,11013
C020,Male,39,East,Beauty,4,947,2026-08-02,3788
C021,Female,44,West,Sports,2,1276,2026-01-14,2552
C022,Male,52,West,Beauty,1,1178,2026-01-28,1178
C023,Female,18,East,Electronics,7,1815,2026-03-19,12705
C024,Female,52,West,Beauty,8,523,2026-08-04,4184
C025,Female,54,West,Grocery,7,114,2026-06-03,798
C026,Female,31,South,Beauty,5,295,2026-01-14,1475
C027,Female,20,West,Clothing,1,523,2026-07-06,523
C028,Female,18,North,Clothing,7,1562,2026-01-07,10934
C029,Female,22,West,Grocery,7,226,2026-01-03,1582
C030,Female,43,West,Electronics,9,4958,2026-04-21,44622
C031,Male,31,East,Clothing,3,1540,2026-08-26,4620
C032,Male,56,North,Sports,9,1088,2026-08-27,9792
C033,Female,44,West,Clothing,1,1784,2026-08-15,1784
C034,Female,26,West,Clothing,1,1933,2026-01-15,1933
C035,Female,32,South,Electronics,4,2952,2026-07-11,11808
C036,Male,32,West,Beauty,9,1272,2026-04-29,11448
C037,Female,43,West,Clothing,6,810,2026-01-28,4860
C038,Male,59,South,Grocery,3,434,2026-07-21,1302
C039,Male,30,East,Beauty,1,554,2026-02-08,554
C040,Male,49,West,Sports,4,917,2026-09-30,3668
C041,Male,56,South,Electronics,9,2800,2026-08-19,25200
C042,Male,49,North,Sports,3,2068,2026-03-27,6204
C043,Female,21,East,Beauty,9,920,2026-05-06,8280
C044,Female,47,North,Beauty,7,1610,2026-01-25,11270
C045,Female,54,North,Beauty,4,1196,2026-05-25,4784
C046,Female,40,South,Sports,3,1113,2026-01-13,3339
C047,Female,56,West,Beauty,10,1631,2026-07-31,16310
C048,Male,32,South,Sports,5,482,2026-01-25,2410
C049,Female,60,South,Beauty,5,1318,2026-03-09,6590
C050,Female,46,South,Grocery,3,134,2026-03-08,402
C051,Male,53,South,Beauty,9,1251,2026-08-21,11259
C052,Female,30,East,Sports,4,2904,2026-04-19,11616
C053,Male,49,West,Clothing,5,2201,2026-05-26,11005
C054,Female,24,North,Beauty,4,150,2026-04-21,600
C055,Male,39,North,Clothing,5,350,2026-08-16,1750
C056,Female,45,West,Grocery,7,734,2026-04-21,5138
C057,Female,19,North,Electronics,9,1516,2026-02-03,13644
C058,Male,59,West,Grocery,7,821,2026-04-21,5747
C059,Male,23,North,Beauty,5,1619,2026-09-21,8095
C060,Male,45,South,Clothing,10,748,2026-08-24,7480
C061,Male,45,North,Clothing,10,1180,2026-03-24,11800
C062,Male,37,West,Sports,7,887,2026-02-11,6209
C063,Male,47,West,Clothing,10,2123,2026-04-11,21230
C064,Male,28,West,Sports,5,2481,2026-01-06,12405
C065,Male,45,West,Electronics,3,4219,2026-06-29,12657
C066,Female,42,West,Beauty,7,244,2026-08-14,1708
C067,Female,56,East,Sports,2,1974,2026-08-17,3948
C068,Male,50,East,Electronics,9,1049,2026-05-30,9441
C069,Female,18,North,Clothing,10,973,2026-07-17,9730
C070,Female,44,West,Clothing,10,737,2026-03-11,7370
C071,Female,30,North,Electronics,1,2965,2026-04-22,2965
C072,Female,58,West,Clothing,6,1070,2026-01-04,6420
C073,Male,20,West,Electronics,7,4762,2026-04-05,33334
C074,Female,56,East,Sports,8,667,2026-06-01,5336
C075,Male,23,East,Sports,10,2384,2026-05-17,23840
C076,Female,25,South,Electronics,9,1877,2026-09-04,16893
C077,Female,44,East,Sports,2,635,2026-08-31,1270
C078,Female,26,South,Sports,10,788,2026-01-31,7880
C079,Male,54,South,Sports,2,1162,2026-02-09,2324
C080,Female,50,South,Grocery,5,874,2026-08-17,4370
C081,Male,59,South,Beauty,5,550,2026-02-05,2750
C082,Female,41,South,Clothing,6,923,2026-08-11,5538
C083,Male,32,North,Grocery,3,816,2026-01-06,2448
C084,Female,49,East,Sports,8,1652,2026-08-08,13216
C085,Male,49,South,Electronics,1,4781,2026-03-16,4781
C086,Male,41,West,Sports,6,977,2026-01-04,5862
C087,Female,58,East,Beauty,4,224,2026-05-14,896
C088,Male,29,East,Sports,1,834,2026-04-28,834
C089,Female,56,South,Electronics,7,2950,2026-04-04,20650
C090,Female,19,North,Beauty,9,1595,2026-03-03,14355
C091,Female,20,South,Sports,4,1163,2026-07-13,4652
C092,Female,54,North,Beauty,4,887,2026-07-22,3548
C093,Female,34,West,Clothing,6,1629,2026-01-26,9774
C094,Female,19,East,Clothing,3,2445,2026-06-22,7335
C095,Female,19,West,Sports,6,1758,2026-05-13,10548
C096,Female,45,North,Beauty,7,1008,2026-04-28,7056
C097,Female,40,North,Electronics,10,3282,2026-07-31,32820
C098,Female,54,West,Sports,10,846,2026-08-13,8460
C099,Female,49,North,Clothing,3,2317,2026-01-20,6951
C100,Male,50,West,Clothing,7,1631,2026-04-23,11417
C101,Male,18,East,Sports,3,648,2026-05-20,1944
C102,Female,36,West,Beauty,2,315,2026-02-16,630
C103,Female,19,East,Clothing,10,1658,2026-01-01,16580
C104,Female,43,West,Beauty,4,1169,2026-03-31,4676
C105,Female,49,North,Clothing,8,841,2026-05-22,6728
C106,Female,23,West,Clothing,9,1058,2026-02-07,9522
C107,Female,49,North,Grocery,7,155,2026-05-19,1085
C108,Female,21,West,Clothing,1,2428,2026-09-16,2428
C109,Female,28,West,Electronics,3,2980,2026-06-10,8940
C110,Male,34,South,Sports,9,1196,2026-06-27,10764
C111,Female,55,North,Sports,1,537,2026-01-10,537
C112,Male,41,South,Beauty,9,333,2026-09-18,2997
C113,Female,22,North,Clothing,8,1653,2026-05-18,13224
C114,Female,51,South,Electronics,1,3632,2026-06-21,3632
C115,Male,23,East,Beauty,6,1681,2026-01-13,10086
C116,Female,39,West,Grocery,5,901,2026-06-17,4505
C117,Male,28,North,Beauty,6,1133,2026-05-10,6798
C118,Female,33,North,Beauty,10,218,2026-03-25,2180
C119,Female,50,West,Clothing,5,2400,2026-04-11,12000
C120,Male,26,North,Grocery,6,499,2026-09-30,2994
C121,Female,23,North,Beauty,5,354,2026-09-22,1770
C122,Male,33,South,Electronics,5,4618,2026-02-07,23090
C123,Female,46,North,Electronics,4,4938,2026-04-04,19752
C124,Male,20,East,Sports,3,2306,2026-04-05,6918
C125,Male,37,East,Grocery,3,160,2026-03-10,480
C126,Female,53,West,Grocery,4,810,2026-08-24,3240
C127,Female,36,North,Sports,9,2542,2026-05-17,22878
C128,Male,43,West,Beauty,2,1547,2026-03-17,3094
C129,Female,20,East,Grocery,9,961,2026-02-04,8649
C130,Female,36,North,Electronics,1,1699,2026-01-01,1699
C131,Female,37,North,Electronics,1,3747,2026-03-01,3747
C132,Male,49,West,Clothing,5,2019,2026-09-24,10095
C133,Male,24,East,Grocery,6,330,2026-08-17,1980
C134,Male,58,North,Beauty,6,1368,2026-09-27,8208
C135,Male,50,West,Sports,3,2287,2026-08-01,6861
C136,Male,57,East,Sports,7,1066,2026-06-14,7462
C137,Male,56,West,Beauty,9,242,2026-01-05,2178
C138,Male,35,South,Clothing,10,971,2026-03-19,9710
C139,Male,57,North,Sports,8,2369,2026-03-03,18952
C140,Male,18,South,Grocery,6,110,2026-05-12,660
C141,Female,28,East,Clothing,8,1328,2026-03-30,10624
C142,Male,45,South,Grocery,5,515,2026-08-25,2575
C143,Female,42,South,Electronics,8,4700,2026-02-11,37600
C144,Female,40,East,Clothing,10,1728,2026-03-30,17280
C145,Female,48,West,Sports,4,2680,2026-04-14,10720
C146,Male,47,South,Clothing,10,823,2026-01-14,8230
C147,Male,59,West,Clothing,8,2268,2026-06-28,18144
C148,Male,52,South,Clothing,10,1401,2026-05-05,14010
C149,Male,24,West,Clothing,2,2053,2026-01-23,4106
C150,Female,33,East,Grocery,5,862,2026-03-04,4310
